Timestamp,Name,Email,Age,Province,Gender,What is your academic rank?,What is your primary department?,"On average, how many hours per day do you personally spend on social media?",Which social media platforms do you use?,"On average, how many hours per day do you believe students spend on social media?",To what extent do you believe social media affects student academic performance?,Please indicate how much you agree or disagree with the following statements about social media and student mental health: [Social media helps students feel connected to others.],Please indicate how much you agree or disagree with the following statements about social media and student mental health: [Social media makes students feel anxious or stressed.],Please indicate how much you agree or disagree with the following statements about social media and student mental health: [Social media distracts students from academic work.],Please indicate how much you agree or disagree with the following statements about social media and student mental health: [Social media improves my mood when I feel lonely.],Have you observed social media use impacting student engagement in your classes?
4/1/2026 15:48:06,Jordan Wright,jordan.wright4@uvic.ca,62,Alberta,Male,Lecturer,Biology,1,"LinkedIn,Facebook",3,Negatively,Disagree,Strongly agree,Agree,Disagree,Weekly
4/16/2026 14:10:28,Jules Adams,jules.adams@faculty.ca,32,Québec,Female,Lecturer,Sociology,2,"Instagram,  LinkedIn,  Twitter/X,  Reddit,  YouTube",5,Somewhat negatively,Agree,Agree,Disagree,Neutral,Once in a while
4/12/2026 16:47:33,Mika Roberts,,41,Alberta,Non-binary,Professor,physics,2,"TikTok,  Facebook",5,Negatively,Neutral,Agree,Strongly agree,Disagree,Rarely
4/13/2026 14:47:33,Robin Baker,robin.baker5@uvic.ca,69,Quebec,Female,Associate Professor,English,0,Facebook,3,Negatively,Neutral,Strongly agree,Agree,Strongly disagree,Once in a while
4/4/2026 15:49:37,Reese Nelson,reese.nelson12@uvic.ca,47,Manitoba,Male,Associate Professor,Psychology,3,"LinkedIn,  Facebook,  Twitter/X,  Reddit",6,Somewhat negatively,Strongly agree,Strongly agree,Agree,Neutral,Once in a while
4/18/2026 17:48:44,Dana Smith,dana.smith12@campus.edu,45,Saskatchewan,Male,Associate Professor,psychology,2,"LinkedIn,Facebook,YouTube",5,Somewhat negatively,Agree,Agree,Neutral,Strongly disagree,Weekly
4/17/2026 9:23:21,Dana Mitchell,dana.mitchell@faculty.ca,53,Alberta,Male,Professor,Biology,0,"Instagram,TikTok,Facebook",8,Negatively,Neutral,Agree,Neutral,Disagree,Daily
4/18/2026 15:28:45,Quinn Walker,quinn.walker11@faculty.ca,47,ON,Female,Teaching Professor,Physics,2,"Instagram,Facebook,YouTube",8,Negatively,Neutral,Agree,Strongly agree,Disagree,Once in a while
4/9/2026 15:44:42,Taylor Turner,taylor.turner2@campus.edu,35,Saskatchewan,Female,Teaching Professor,physics,2,TikTok,6,Negatively,Neutral,Disagree,Neutral,Neutral,Weekly
4/8/2026 14:12:29,Drew Young,drew.young14@campus.edu,32,Ontario,Female,Teaching Professor,sociology,5,"Instagram, TikTok, Facebook, Twitter/X, Snapchat",7,Neutral,Agree,Neutral,Disagree,Strongly agree,Weekly
4/10/2026 16:37:12,Dana Perez,dana.perez@campus.edu,40,Québec,Female,Teaching Professor,Biology,2,"Instagram,LinkedIn,Facebook",5,Negatively,Neutral,Agree,Agree,Disagree,Weekly
4/14/2026 10:30:32,Casey Thomas,casey.thomas11@uvic.ca,53,B.C.,,Associate Professor,Nursing,3,Facebook,6,Negatively,Agree,Strongly agree,Neutral,Neutral,Once in a while
4/10/2026 18:42:24,Jules Wright,jules.wright@uvic.ca,35,New Brunswick,Male,Lecturer,Hist.,5,"Instagram,TikTok,Snapchat",5,Neutral,Neutral,Agree,Neutral,Agree,Daily
4/18/2026 12:39:30,Harper Baker,harper.baker@campus.edu,34,Nova Scotia,Male,Lecturer,english,3,"Instagram, TikTok, LinkedIn, Snapchat",4,Somewhat negatively,Strongly agree,Disagree,Neutral,Agree,Once in a while
4/19/2026 10:23:59,Blair Baker,blair.baker14@campus.edu,56,QC,Male,Lecturer,Comp Sci,2,Facebook,5,Negatively,Strongly disagree,Agree,Strongly agree,Strongly disagree,Weekly
4/19/2026 14:01:45,Devon Smith,devon.smith13@university.ca,35,Alberta,Female,Associate Professor,Comp Sci,2,"TikTok, LinkedIn, Reddit",4,Negatively,Neutral,Neutral,Agree,Disagree,Daily
4/18/2026 18:56:00,Casey Nelson,casey.nelson16@uvic.ca,39,Quebec,Male,Lecturer,Computer Science,2,"TikTok, LinkedIn",4,Negatively,Neutral,Neutral,Agree,Neutral,Once in a while
4/3/2026 16:00:04,Dana Carter,dana.carter@university.ca,30,Québec,Female,Assistant Professor,Psych,5,"Instagram, TikTok, YouTube",6,Neutral,Strongly agree,Strongly agree,Neutral,Agree,Daily
4/20/2026 10:27:12,Parker White,parker.white0@faculty.ca,35,B.C.,Male,Professor,sociology,3,Instagram,6,Neutral,Strongly agree,Neutral,Neutral,Disagree,Weekly
4/1/2026 11:23:04,Parker Phillips,parker.phillips@university.ca,72,NB,Male,Professor,Bio,1,Instagram,5,Negatively,Disagree,Strongly agree,Strongly agree,Strongly disagree,Daily
4/2/2026 18:24:56,Jamie Adams,jamie.adams@campus.edu,57,Québec,Female,Professor,Education,1,LinkedIn,5,Negatively,Neutral,Agree,Agree,Strongly disagree,Once in a while
4/17/2026 18:29:03,Shawn Smith,shawn.smith15@faculty.ca,54,Ontario,Female,Professor,Physics,2,"Instagram,  Twitter/X,  Reddit,  YouTube",4,Negatively,Neutral,Strongly agree,Agree,Strongly disagree,Weekly
4/21/2026 8:43:49,Reese Turner,reese.turner12@uvic.ca,71,Saskatchewan,Male,Associate Professor,Physics,0,"Instagram, LinkedIn, Facebook, YouTube",6,Negatively,Strongly disagree,Agree,Agree,Strongly disagree,Weekly
4/10/2026 11:19:05,Drew Mitchell,drew.mitchell12@campus.edu,41,Alberta,Non-binary,Assistant Professor,Psychology,5,Facebook,7,Neutral,Strongly agree,Agree,Agree,Neutral,Weekly
4/14/2026 12:28:14,Jamie Nelson,jamie.nelson@campus.edu,35,New Brunswick,Male,Assistant Professor,Physics,5,"Instagram,Facebook",5,Somewhat negatively,Agree,Neutral,Neutral,Strongly agree,Once in a while
4/16/2026 12:21:03,Jamie Martin,jamie.martin4@faculty.ca,33,Alberta,Non-binary,Sessional Instructor,Biology,2,,5,Negatively,Neutral,Strongly agree,Strongly agree,Disagree,Weekly
4/14/2026 10:55:03,Parker Wilson,parker.wilson@university.ca,33,Ontario,Non-binary,Associate Professor,Education,5,"Instagram,TikTok,LinkedIn",5,Neutral,Strongly agree,Neutral,Agree,Neutral,Daily
4/19/2026 14:01:45,Devon Smith,devon.smith13@university.ca,35,Alberta,Female,Associate Professor,Comp Sci,2,"TikTok, LinkedIn, Reddit",4,Negatively,Neutral,Neutral,Agree,Disagree,Daily
4/11/2026 15:32:23,Kendall Walker,,45,Ontario,Non-binary,Associate Professor,computer science,4,"LinkedIn,Facebook",6,Mixed,Strongly agree,Strongly agree,Agree,Agree,Daily
4/4/2026 12:00:23,Casey Adams,,42,Nova Scotia,Male,Sessional Instructor,Soc,3,"Instagram,  LinkedIn,  Facebook",6,Somewhat negatively,Strongly agree,Agree,Disagree,Strongly disagree,Rarely
4/14/2026 15:27:53,Regan Perez,regan.perez@faculty.ca,45,Nova Scotia,Female,Assistant Professor,Business,0,"TikTok,  LinkedIn,  Twitter/X,  YouTube",6,Somewhat negatively,Disagree,Agree,Agree,Disagree,Weekly
4/7/2026 17:50:10,Alex Clark,alex.clark3@faculty.ca,39,Saskatchewan,Male,Assistant Professor,english,1,"Facebook, Reddit, Snapchat",5,Somewhat negatively,Agree,Disagree,Agree,Agree,Once in a while
4/2/2026 17:41:45,Morgan Hall,morgan.hall@university.ca,49,Ontario,Male,Teaching Professor,business,3,"Facebook, Twitter/X",4,Somewhat negatively,Strongly agree,Strongly agree,Strongly agree,Neutral,Once in a while
4/8/2026 12:49:34,Robin Scott,,36,ON,Female,Assistant Professor,business,3,"Instagram,TikTok,LinkedIn",6,Mixed,Neutral,Disagree,Agree,Agree,Daily
4/11/2026 10:05:01,Quinn Clark,quinn.clark@faculty.ca,56,MB,Female,Teaching Professor,Psych,1,"Instagram,  LinkedIn",,Negatively,Neutral,Strongly agree,Agree,Strongly disagree,Daily
4/2/2026 15:53:46,Bailey Wilson,bailey.wilson7@faculty.ca,54,Ontario,,Associate Professor,Biology,2,"Instagram,  Facebook",5,Negatively,Neutral,Strongly agree,Neutral,Neutral,Weekly
4/15/2026 17:57:37,Cameron Wilson,,49,B.C.,Female,Assistant Professor,sociology,0,"LinkedIn,Facebook,YouTube",6,Somewhat negatively,Agree,Agree,Disagree,Strongly disagree,Once in a while
4/1/2026 13:55:52,Parker Carter,parker.carter6@university.ca,42,Quebec,Female,Professor,Nursing,1,"Instagram, Facebook, Twitter/X, Reddit",6,Negatively,Neutral,Strongly agree,Disagree,Disagree,Weekly
4/4/2026 8:08:55,Jules Nelson,jules.nelson15@faculty.ca,33,Québec,Male,Assistant Professor,business,4,"LinkedIn,  Reddit",7,Neutral,Agree,Neutral,Agree,Neutral,Daily
4/18/2026 8:15:12,Kendall Anderson,kendall.anderson@uvic.ca,54,Ontario,Female,Sessional Instructor,Education,2,LinkedIn,4,Neutral,Neutral,Agree,Agree,Strongly disagree,Weekly
4/13/2026 16:10:12,Leslie Wilson,leslie.wilson@uvic.ca,37,New Brunswick,Male,Associate Professor,Hist.,2,"TikTok, Facebook, Twitter/X, Snapchat",7,Somewhat negatively,Neutral,Neutral,Neutral,Disagree,Daily
4/9/2026 8:20:44,Leslie Anderson,leslie.anderson6@uvic.ca,57,Québec,Female,Associate Professor,Sociology,1,"LinkedIn,  Facebook",5,Negatively,Disagree,Agree,Agree,Strongly disagree,Once in a while
4/8/2026 18:30:44,Jules Adams,jules.adams@faculty.ca,67,Ontario,Non-binary,Professor,Psychology,1,"Facebook,  YouTube",6,Negatively,Disagree,Agree,Agree,Strongly disagree,Daily
4/8/2026 11:37:29,Leslie Lewis,leslie.lewis@uvic.ca,52,New Brunswick,Male,Associate Professor,Commerce,2,Twitter/X,5,Somewhat negatively,Neutral,Agree,Agree,Neutral,Weekly
4/5/2026 13:34:13,Alex Lewis,alex.lewis@faculty.ca,67,MB,Female,Lecturer,Psychology,1,"LinkedIn,  Facebook",6,Negatively,Agree,Agree,Neutral,Disagree,Once in a while
4/9/2026 15:44:42,Taylor Turner,taylor.turner2@campus.edu,35,Saskatchewan,Female,Teaching Professor,physics,2,TikTok,6,Negatively,Neutral,Disagree,Neutral,Neutral,Weekly
4/6/2026 15:35:56,Parker Walker,parker.walker@campus.edu,59,Saskatchewan,Female,Professor,Business,2,"LinkedIn,Facebook",5,Negatively,Strongly disagree,Strongly agree,Strongly agree,Disagree,Daily
4/7/2026 15:37:32,Robin Wilson,robin.wilson0@campus.edu,32,Alberta,Female,Assistant Professor,history,6,"Instagram,  TikTok",5,Mixed,Strongly agree,Disagree,Agree,Neutral,Daily
4/6/2026 8:05:42,Regan Perez,regan.perez14@university.ca,54,Quebec,Male,Associate Professor,english,3,"LinkedIn,Facebook",5,Neutral,Strongly agree,Agree,Neutral,Neutral,Once in a while
4/3/2026 8:45:30,Taylor Clark,taylor.clark10@uvic.ca,36,New Brunswick,Female,Assistant Professor,sociology,3,"Instagram,TikTok,LinkedIn",5,Somewhat negatively,Strongly agree,Disagree,Agree,Agree,Once in a while
4/1/2026 8:03:34,Blair Mitchell,blair.mitchell6@campus.edu,33,Alberta,Female,Associate Professor,physics,4,"Instagram,  TikTok,  Facebook,  Snapchat",7,Neutral,Agree,Disagree,Neutral,Agree,Weekly
4/9/2026 17:10:18,Reese Thomas,reese.thomas@campus.edu,51,Nova Scotia,Male,Associate Professor,Psych,3,LinkedIn,6,Neutral,Strongly agree,Strongly agree,Disagree,Neutral,Weekly
4/15/2026 15:21:43,Devon Hall,devon.hall@campus.edu,49,ON,Male,Professor,CS,1,"LinkedIn,  Facebook",4,Negatively,Disagree,Neutral,Agree,Neutral,Weekly
4/19/2026 11:59:04,Regan White,,41,Alberta,Female,Associate Professor,Business,1,"LinkedIn, Reddit",7,Somewhat negatively,Neutral,Agree,Agree,Disagree,Daily
4/14/2026 10:20:29,Regan King,regan.king16@uvic.ca,33,New Brunswick,Female,Assistant Professor,Nursing,3,"Instagram,LinkedIn",6,Negatively,Neutral,Neutral,Neutral,Neutral,Daily
4/13/2026 15:51:21,Riley Carter,riley.carter@university.ca,57,Saskatchewan,Female,Teaching Professor,Education,3,"LinkedIn, Facebook",5,Negatively,Neutral,Neutral,Neutral,Disagree,Once in a while
4/10/2026 9:13:02,Harper Carter,harper.carter@university.ca,35,QC,Male,Assistant Professor,Physics,2,"Instagram,  TikTok,  LinkedIn,  Snapchat,  YouTube",5,Negatively,Neutral,Disagree,Strongly agree,Neutral,Weekly
4/12/2026 8:16:02,Avery Brown,avery.brown13@university.ca,40,Quebec,Female,Teaching Professor,Educ.,2,"LinkedIn,Facebook,Reddit",3,Neutral,Agree,Strongly agree,Disagree,Disagree,Once in a while
4/4/2026 9:16:47,Kendall Phillips,,45,Ontario,Non-binary,Assistant Professor,physics,3,"LinkedIn, Facebook",5,Negatively,Agree,Agree,Agree,Strongly disagree,Daily
4/1/2026 13:12:09,Emerson Adams,emerson.adams1@uvic.ca,70,,Male,Sessional Instructor,Psychology,1,"Instagram, LinkedIn, Facebook",3,Negatively,Neutral,Strongly agree,Strongly agree,Strongly disagree,Rarely
4/9/2026 12:47:53,Harper Roberts,harper.roberts@university.ca,64,Manitoba,Female,Associate Professor,Education,1,"LinkedIn,  Facebook",7,Negatively,Neutral,Agree,Agree,Strongly disagree,Weekly
4/1/2026 17:58:51,Taylor Nelson,taylor.nelson11@campus.edu,30,BC,Male,Assistant Professor,Business,1,"TikTok,LinkedIn",6,Somewhat negatively,Disagree,Agree,Strongly agree,Agree,Once in a while
4/10/2026 15:04:52,Drew Perez,drew.perez1@campus.edu,30,Alberta,Male,Professor,business,2,"LinkedIn,Reddit,Snapchat",7,Somewhat negatively,Neutral,Agree,Agree,Disagree,Weekly
4/17/2026 15:28:15,Blair Campbell,blair.campbell6@uvic.ca,33,NB,Male,Sessional Instructor,english,3,"Instagram, TikTok, Facebook",8,Somewhat negatively,Strongly agree,Disagree,Neutral,Neutral,Once in a while
4/9/2026 16:03:28,Leslie Green,leslie.green15@uvic.ca,33,Manitoba,Male,Assistant Professor,Computer Science,2,"Instagram,  TikTok,  Reddit",6,Negatively,Neutral,Neutral,Neutral,Neutral,Once in a while
4/9/2026 9:09:25,Drew Thomas,,45,Quebec,Male,Teaching Professor,education,1,Facebook,7,Neutral,Agree,Agree,Neutral,Disagree,Weekly
4/17/2026 12:22:36,Parker Nelson,parker.nelson@uvic.ca,35,Manitoba,Male,Assistant Professor,nursing,0,"Instagram,  TikTok,  Reddit,  Snapchat",6,Negatively,Neutral,Strongly agree,Disagree,Agree,Rarely
4/21/2026 15:13:57,Alex Mitchell,alex.mitchell@faculty.ca,48,SK,Female,Associate Professor,Biology,2,"Instagram, TikTok, Facebook, Reddit, YouTube",5,Negatively,Neutral,Agree,Neutral,Disagree,Weekly
4/21/2026 10:05:59,Shawn Scott,shawn.scott2@faculty.ca,37,NB,Male,Lecturer,Business,3,"LinkedIn,  Snapchat",7,Somewhat negatively,Agree,Neutral,Neutral,Neutral,Weekly
4/8/2026 17:22:00,Reese Scott,reese.scott@university.ca,54,Manitoba,Male,Assistant Professor,Business,0,"Instagram,TikTok,LinkedIn,Twitter/X",7,Mixed,Neutral,Agree,Neutral,Disagree,Weekly
4/18/2026 16:08:45,Taylor Carter,taylor.carter@university.ca,50,New Brunswick,Male,Associate Professor,biology,0,"TikTok, LinkedIn",6,Negatively,Neutral,Strongly agree,Agree,Neutral,Once in a while
4/3/2026 18:12:30,Quinn Green,quinn.green@university.ca,45,Alberta,Male,Associate Professor,nursing,2,LinkedIn,4,Negatively,Agree,Agree,Neutral,Disagree,Weekly
4/8/2026 13:15:49,Rowan Turner,,31,AB,Female,Assistant Professor,physics,2,"Instagram,  TikTok,  LinkedIn,  Twitter/X",3,Negatively,Neutral,Disagree,Agree,Neutral,Weekly
4/11/2026 10:23:22,Drew Adams,drew.adams@campus.edu,33,BC,Male,Assistant Professor,Biology,3,"Instagram,  TikTok,  LinkedIn,  YouTube",6,Negatively,Strongly agree,Agree,Strongly agree,Neutral,Once in a while
4/21/2026 13:57:51,Blair Roberts,blair.roberts@university.ca,48,,Female,Sessional Instructor,physics,1,"Instagram,LinkedIn,Twitter/X",5,Negatively,Neutral,Agree,Neutral,Strongly disagree,Weekly
4/1/2026 8:39:56,Rowan Anderson,rowan.anderson@uvic.ca,51,ON,Female,Associate Professor,Soc,2,,6,Mixed,Agree,Strongly agree,Neutral,Disagree,Daily
4/3/2026 14:07:31,Quinn Campbell,quinn.campbell12@campus.edu,62,British Columbia,Male,Associate Professor,business,2,"LinkedIn,  Facebook,  Twitter/X",5,Negatively,Neutral,Neutral,Agree,Strongly disagree,Weekly
4/10/2026 18:45:40,Kendall Clark,kendall.clark9@faculty.ca,52,AB,Male,Assistant Professor,Comp Sci,2,"LinkedIn,  Snapchat",4,Negatively,Neutral,Neutral,Strongly agree,Neutral,Once in a while
4/1/2026 9:09:58,Shawn Thomas,shawn.thomas4@campus.edu,39,Québec,Female,Assistant Professor,nursing,4,"TikTok,  Facebook,  Twitter/X,  Snapchat",5,Somewhat negatively,Strongly agree,Agree,Disagree,Agree,Once in a while
4/9/2026 16:41:20,Alex Mitchell,alex.mitchell@faculty.ca,45,Nova Scotia,Female,Teaching Professor,english,3,"TikTok, Facebook",5,Somewhat negatively,Strongly agree,Agree,Neutral,Disagree,Once in a while
4/20/2026 12:57:52,Shawn Phillips,shawn.phillips@university.ca,53,ON,Male,Associate Professor,Psychology,5,"Instagram,LinkedIn,YouTube",5,Neutral,Agree,Strongly agree,Agree,Neutral,Once in a while
4/14/2026 16:01:21,Blair Hall,blair.hall7@uvic.ca,34,ON,Female,Lecturer,business,3,LinkedIn,4,Neutral,Strongly agree,Agree,Strongly agree,Neutral,Rarely
4/3/2026 12:05:14,Leslie Anderson,leslie.anderson16@university.ca,39,BC,Female,Professor,physics,1,,5,Negatively,Disagree,Neutral,Strongly agree,Agree,Rarely
4/5/2026 17:12:54,Sam Brown,,34,B.C.,Male,Assistant Professor,nursing,4,"Instagram,  LinkedIn,  Facebook",5,Somewhat negatively,Agree,Strongly agree,Neutral,Neutral,Daily
4/4/2026 9:53:39,Dana Smith,dana.smith@university.ca,42,Saskatchewan,Male,Sessional Instructor,english,2,"TikTok, Facebook",6,Somewhat negatively,Agree,Neutral,Neutral,Disagree,Daily
4/20/2026 14:33:43,Robin Clark,robin.clark@uvic.ca,73,Ontario,Male,Professor,Hist.,1,"LinkedIn, Facebook",5,Negatively,Neutral,Agree,Strongly agree,Strongly disagree,Rarely
4/3/2026 11:57:29,Harper Roberts,harper.roberts@university.ca,64,Manitoba,Female,Associate Professor,Education,1,"LinkedIn,  Facebook",7,Negatively,Neutral,Agree,Agree,Strongly disagree,Weekly
4/9/2026 15:53:44,Blair Scott,blair.scott5@faculty.ca,50,MB,Female,Assistant Professor,Comp Sci,1,"Instagram, Facebook, Reddit",5,Negatively,Disagree,Agree,Agree,Neutral,Daily
4/3/2026 15:58:43,Blair Clark,blair.clark@university.ca,57,NB,Female,Lecturer,Education,0,"Instagram, LinkedIn, Facebook",4,Negatively,Neutral,Agree,Neutral,Strongly disagree,Once in a while
4/12/2026 14:33:51,Robin Brown,robin.brown12@university.ca,33,Saskatchewan,Female,Lecturer,nursing,0,"TikTok,Facebook",6,Negatively,Agree,Neutral,Neutral,Agree,Once in a while
4/4/2026 11:28:50,Jules Green,jules.green3_@campus.edu,31,NS,,Associate Professor,physics,2,Instagram,4,Negatively,Disagree,Disagree,Agree,Neutral,Weekly
4/5/2026 14:11:32,Taylor Nelson,taylor.nelson11@campus.edu,30,B.C.,Male,Assistant Professor,Business,1,"TikTok,LinkedIn",6,Somewhat negatively,Disagree,Agree,Strongly agree,Agree,Once in a while
4/1/2026 18:14:47,Devon King,,55,NB,Female,Professor,Psych,1,"LinkedIn,  Facebook",6,Negatively,Agree,Agree,Neutral,Strongly disagree,Daily
4/7/2026 13:47:58,Kendall Carter,kendall.carter@campus.edu,36,British Columbia,Female,Lecturer,nursing,3,"TikTok,Reddit",7,Negatively,Neutral,Agree,Neutral,Neutral,Once in a while
4/7/2026 11:05:11,Taylor Baker,taylor.baker@campus.edu,47,BC,Male,Associate Professor,history,2,"Instagram, LinkedIn",6,Somewhat negatively,Neutral,Strongly agree,Disagree,Disagree,Rarely
4/8/2026 11:11:02,Taylor Clark,taylor.clark@campus.edu,53,Saskatchewan,Non-binary,Professor,Psych,4,,6,Neutral,Strongly agree,Strongly agree,Disagree,Neutral,Once in a while
4/2/2026 8:11:25,Skyler King,skyler.king@uvic.ca,34,New Brunswick,Male,Sessional Instructor,Psych,3,"TikTok,LinkedIn,Facebook,Twitter/X,Reddit",,Somewhat negatively,Agree,Agree,Neutral,Neutral,Once in a while
4/12/2026 18:46:10,Parker Brown,parker.brown2@uvic.ca,47,Alberta,Female,Professor,Psych,5,"TikTok, LinkedIn, YouTube",5,Neutral,Strongly agree,Strongly agree,Disagree,Agree,Rarely
4/4/2026 12:14:41,Jordan Roberts,jordan.roberts@faculty.ca,48,Nova Scotia,Female,Associate Professor,English,2,Instagram,4,Mixed,Strongly agree,Agree,Disagree,Disagree,Rarely
4/16/2026 15:27:39,Brooke Clark,brooke.clark@faculty.ca,52,QC,Male,Professor,business,4,Twitter/X,5,Neutral,Agree,Strongly agree,Agree,Agree,Once in a while
4/3/2026 18:49:21,Mika Clark,mika.clark8@university.ca,65,AB,Female,Associate Professor,Nursing,0,"Instagram, LinkedIn, Twitter/X, YouTube",,Negatively,Disagree,Strongly agree,Neutral,Strongly disagree,Once in a while
4/17/2026 9:07:57,Blair White,blair.white5@campus.edu,60,Nova Scotia,,Teaching Professor,physics,0,Reddit,3,Negatively,Disagree,Agree,Agree,Strongly disagree,Weekly
4/14/2026 17:16:56,Jordan Wright,jordan.wright@uvic.ca,46,QC,Male,Professor,Biology,4,"LinkedIn, Twitter/X",4,Neutral,Agree,Strongly agree,Agree,Disagree,Once in a while
4/6/2026 14:50:40,Emerson Nelson,,31,QC,Female,Assistant Professor,history,3,"LinkedIn, Snapchat, YouTube",4,Somewhat negatively,Neutral,Neutral,Disagree,Neutral,Once in a while
4/12/2026 8:02:53,Parker Carter,parker.carter6@faculty.ca,42,Ontario,Male,Assistant Professor,Computer Science,2,"LinkedIn, Facebook, Twitter/X, YouTube",7,Negatively,Agree,Neutral,Agree,Disagree,Daily
4/11/2026 9:02:36,Brooke Adams,brooke.adams6@university.ca,65,Quebec,Female,Assistant Professor,Physics,1,"Facebook, Twitter/X",5,Negatively,Disagree,Agree,Strongly agree,Strongly disagree,Weekly
4/12/2026 10:33:42,Alex Clark,alex.clark@university.ca,50,Quebec,Female,Assistant Professor,Psych,1,"Instagram,LinkedIn,Facebook",7,Somewhat negatively,Agree,Strongly agree,Agree,Neutral,Once in a while
4/10/2026 12:35:52,Alex Green,,54,AB,Non-binary,Associate Professor,biology,1,"Instagram,Facebook",6,Negatively,Disagree,Strongly agree,Agree,Disagree,Weekly
4/13/2026 15:14:38,Cameron Young,cameron.young@uvic.ca,36,Saskatchewan,Male,Assistant Professor,Hist.,3,Reddit,6,Mixed,Strongly agree,Disagree,Neutral,Neutral,Daily
4/13/2026 12:51:42,Morgan Smith,morgan.smith0@campus.edu,63,BC,Male,Teaching Professor,English,1,LinkedIn,7,Negatively,Neutral,Agree,Neutral,Strongly disagree,Daily
4/1/2026 12:13:18,Casey Smith,casey.smith@uvic.ca,47,Manitoba,Male,Associate Professor,physics,3,Twitter/X,6,Negatively,Neutral,Agree,Neutral,Disagree,Weekly
4/5/2026 13:21:12,Regan Mitchell,regan.mitchell@university.ca,58,Québec,Male,Professor,Business,2,"Instagram,  LinkedIn,  Facebook",5,Negatively,Strongly disagree,Neutral,Strongly agree,Strongly disagree,Weekly
4/1/2026 12:45:44,Jamie Green,jamie.green11@university.ca,53,ON,Male,Lecturer,education,3,"LinkedIn,  Facebook,  Twitter/X",6,Mixed,Agree,Strongly agree,Neutral,Strongly disagree,Weekly
4/15/2026 8:13:56,Regan King,regan.king2@university.ca,61,Saskatchewan,Male,Sessional Instructor,CS,1,"LinkedIn, YouTube",5,Negatively,Disagree,Neutral,Strongly agree,Strongly disagree,Rarely
4/7/2026 9:45:41,Brooke Baker,brooke.baker5@campus.edu,55,Alberta,Male,Professor,Psychology,1,Facebook,5,Negatively,Disagree,Strongly agree,Agree,Strongly disagree,Once in a while
4/6/2026 11:26:04,Leslie Turner,leslie.turner@university.ca,59,B.C.,Male,Professor,Business,1,"LinkedIn,Facebook,Twitter/X",6,Negatively,Disagree,Neutral,Strongly agree,Strongly disagree,Once in a while
4/14/2026 13:43:56,Casey Roberts,casey.roberts3@university.ca,49,British Columbia,Female,Lecturer,psychology,2,"Instagram, TikTok, LinkedIn, Twitter/X",,Neutral,Agree,Strongly agree,Disagree,Neutral,Weekly
4/1/2026 8:00:36,Emerson Carter,emerson.carter5@faculty.ca,65,British Columbia,Female,Associate Professor,Bio,1,"Instagram, LinkedIn",3,Negatively,Disagree,Strongly agree,Strongly agree,Strongly disagree,Daily
4/6/2026 14:32:48,Leslie Scott,leslie.scott@uvic.ca,33,AB,Non-binary,Associate Professor,education,2,"Facebook,  Reddit,  Snapchat",,Somewhat negatively,Agree,Disagree,Disagree,Neutral,Weekly
4/1/2026 8:16:36,Mika Walker,mika.walker@campus.edu,52,,Non-binary,Assistant Professor,physics,3,"Instagram,LinkedIn",7,Negatively,Agree,Strongly agree,Agree,Strongly disagree,Weekly
4/16/2026 15:31:59,Jamie Clark,jamie.clark@university.ca,56,NB,Female,Sessional Instructor,English,2,Facebook,6,Negatively,Disagree,Strongly agree,Neutral,Strongly disagree,Weekly
4/9/2026 14:06:23,Parker Anderson,,35,Ontario,Female,Lecturer,Hist.,3,,5,Somewhat negatively,Strongly agree,Neutral,Disagree,Neutral,Weekly
4/13/2026 13:47:02,Shawn Green,shawn.green@uvic.ca,37,Ontario,Male,Associate Professor,business,2,"Instagram, LinkedIn, Facebook, Snapchat, YouTube",6,Somewhat negatively,Neutral,Disagree,Agree,Agree,Weekly
4/18/2026 17:55:47,Cameron Campbell,cameron.campbell3@university.ca,31,Alberta,Female,Assistant Professor,Commerce,4,Facebook,5,Neutral,Agree,Disagree,Agree,Neutral,Weekly
4/18/2026 16:15:56,Jules Baker,jules.baker@uvic.ca,37,MB,Female,Assistant Professor,Computer Science,4,"Instagram,TikTok,Twitter/X,Snapchat,YouTube",,Somewhat negatively,Agree,Disagree,Agree,Agree,Weekly
4/18/2026 13:53:53,Harper Campbell,,59,Ontario,Female,Associate Professor,Comp Sci,1,Instagram,6,Negatively,Neutral,Agree,Strongly agree,Disagree,Daily
4/2/2026 11:10:58,Avery Walker,avery.walker9@university.ca,39,Alberta,Prefer not to say,Lecturer,Physics,3,"Instagram,LinkedIn",5,Negatively,Agree,Disagree,Agree,Agree,Once in a while
4/2/2026 9:54:37,Riley Hall,riley.hall@university.ca,59,Alberta,Male,Professor,Biology,1,Facebook,7,Negatively,Strongly disagree,Strongly agree,Strongly agree,Strongly disagree,Weekly
4/2/2026 11:57:00,Leslie Adams,leslie.adams3@university.ca,67,Nova Scotia,Male,Professor,Sociology,2,LinkedIn,5,Negatively,Neutral,Agree,Agree,Strongly disagree,Daily
4/8/2026 16:40:18,Morgan Clark,morgan.clark@university.ca,64,Quebec,Male,Professor,english,3,"Instagram,LinkedIn",6,Negatively,Strongly agree,Agree,Agree,Strongly disagree,Once in a while
4/13/2026 13:47:02,Shawn Green,shawn.green@uvic.ca,37,Ontario,Male,Associate Professor,business,2,"Instagram, LinkedIn, Facebook, Snapchat, YouTube",6,Somewhat negatively,Neutral,Disagree,Agree,Agree,Weekly
4/2/2026 8:03:00,Harper Perez,harper.perez@university.ca,39,Ontario,,Assistant Professor,history,1,"LinkedIn,Facebook",8,Mixed,Agree,Disagree,Agree,Neutral,Daily
4/7/2026 14:50:34,Dana Lewis,dana.lewis@campus.edu,45,British Columbia,Female,Teaching Professor,Nursing,4,YouTube,6,Somewhat negatively,Agree,Strongly agree,Disagree,Agree,Rarely
4/17/2026 13:12:49,Kendall Clark,kendall.clark3@uvic.ca,31,AB,Female,Sessional Instructor,english,4,Facebook,,Neutral,Strongly agree,Neutral,Neutral,Strongly agree,Once in a while
4/2/2026 15:33:49,Kendall Martin,,59,Ontario,Female,Lecturer,Educ.,1,"Instagram,LinkedIn,Twitter/X",4,Negatively,Neutral,Strongly agree,Agree,Strongly disagree,Once in a while
4/11/2026 8:38:59,Riley Green,riley.green@university.ca,54,Ontario,Male,Associate Professor,Soc,2,Instagram,4,Somewhat negatively,Agree,Strongly agree,Neutral,Disagree,Once in a while
4/13/2026 12:09:06,Reese Nelson,reese.nelson12_@uvic.ca,47,Manitoba,Male,Associate Professor,Psych,3,"LinkedIn,  Facebook,  Twitter/X,  Reddit",6,Somewhat negatively,Strongly agree,Strongly agree,Agree,Neutral,Once in a while
4/15/2026 12:46:22,Kendall Baker,kendall.baker8@uvic.ca,70,Saskatchewan,Female,Assistant Professor,computer science,2,"LinkedIn, Facebook",6,Negatively,Disagree,Neutral,Strongly agree,Strongly disagree,Once in a while
4/4/2026 18:59:31,Taylor Brown,taylor.brown@university.ca,40,Saskatchewan,Male,Assistant Professor,english,2,"TikTok, Twitter/X, Reddit",4,Somewhat negatively,Neutral,Neutral,Disagree,Neutral,Rarely
4/3/2026 9:07:31,Leslie Smith,leslie.smith5@uvic.ca,54,Quebec,Prefer not to say,Lecturer,Sociology,4,"TikTok,LinkedIn",5,Neutral,Strongly agree,Agree,Neutral,Neutral,Once in a while
4/21/2026 8:23:06,Jules Phillips,jules.phillips@campus.edu,65,MB,Male,Sessional Instructor,English,0,"Instagram,  Facebook,  Twitter/X",5,Negatively,Disagree,Strongly agree,Agree,Disagree,Weekly
4/9/2026 8:40:05,Rowan Green,rowan.green@faculty.ca,32,SK,Male,Assistant Professor,computer science,3,"Instagram,LinkedIn,Reddit",4,Negatively,Agree,Neutral,Agree,Disagree,Weekly
4/5/2026 18:23:06,Regan Perez,regan.perez@faculty.ca,45,Nova Scotia,Female,Assistant Professor,Business,0,"TikTok,  LinkedIn,  Twitter/X,  YouTube",6,Somewhat negatively,Disagree,Agree,Agree,Disagree,Weekly
4/11/2026 17:33:22,Bailey Perez,bailey.perez@university.ca,44,ON,Female,Associate Professor,Nursing,1,"Instagram, Twitter/X",5,Negatively,Neutral,Strongly agree,Neutral,Disagree,Weekly
4/3/2026 17:24:27,Dana White,dana.white7@faculty.ca,34,Quebec,Male,Assistant Professor,biology,4,"Instagram,LinkedIn,Facebook",6,Mixed,Agree,Neutral,Strongly agree,Agree,Rarely
4/6/2026 14:21:43,Jordan Walker,jordan.walker0@faculty.ca,65,Ontario,Female,Professor,Education,1,"Instagram, Facebook",5,Negatively,Neutral,Agree,Agree,Strongly disagree,Daily
4/21/2026 12:25:41,Rowan Martin,,49,New Brunswick,Female,Teaching Professor,physics,3,"LinkedIn,Twitter/X",5,Negatively,Agree,Strongly agree,Strongly agree,Neutral,Weekly
4/11/2026 12:39:00,Parker Walker,parker.walker@campus.edu,36,New Brunswick,Male,Sessional Instructor,English,5,"Instagram, TikTok, Snapchat",5,Neutral,Strongly agree,Neutral,Neutral,Agree,Once in a while
4/8/2026 12:52:32,Leslie Scott,leslie.scott8@uvic.ca,63,MB,Female,Professor,Commerce,0,Twitter/X,5,Negatively,Disagree,Agree,Strongly agree,Disagree,Once in a while
4/12/2026 10:17:19,Casey Thomas,casey.thomas11@uvic.ca,53,B.C.,,Associate Professor,nursing,3,Facebook,6,Negatively,Agree,Strongly agree,Neutral,Neutral,Once in a while
4/7/2026 17:49:44,Jules Thomas,jules.thomas4@university.ca,68,Nova Scotia,Female,Associate Professor,English,2,Facebook,4,Negatively,Disagree,Agree,Agree,Disagree,Weekly
4/4/2026 12:22:41,Shawn Brown,shawn.brown5@uvic.ca,30,NS,Female,Associate Professor,Bio,3,"Instagram,  Twitter/X",5,Negatively,Neutral,Neutral,Agree,Neutral,Once in a while
4/9/2026 12:12:28,Emerson Mitchell,,51,Quebec,Female,Associate Professor,Business,1,Instagram,3,Somewhat negatively,Neutral,Strongly agree,Strongly agree,Neutral,Once in a while
4/7/2026 8:47:31,Devon Clark,devon.clark@uvic.ca,30,Nova Scotia,,Assistant Professor,Physics,3,"Instagram, TikTok, Snapchat, YouTube",7,Negatively,Neutral,Neutral,Agree,Neutral,Once in a while
4/14/2026 10:27:07,Bailey Hall,bailey.hall16@faculty.ca,34,BC,Male,Lecturer,CS,1,,5,Negatively,Neutral,Disagree,Neutral,Neutral,Weekly
4/8/2026 17:05:52,Leslie Smith,leslie.smith5@university.ca,43,ON,Male,Associate Professor,Nursing,5,"TikTok,LinkedIn,Twitter/X",5,Neutral,Neutral,Strongly agree,Neutral,Disagree,Once in a while
4/14/2026 13:57:45,Brooke Smith,brooke.smith12@campus.edu,50,Québec,Male,Professor,Computer Science,1,"TikTok,  LinkedIn,  Facebook,  Reddit",5,Negatively,Disagree,Strongly agree,Strongly agree,Disagree,Weekly
4/14/2026 18:04:30,Kendall Hall,kendall.hall@university.ca,42,MB,Male,Professor,history,1,"LinkedIn,  YouTube",4,Somewhat negatively,Disagree,Agree,Neutral,Strongly disagree,Daily
4/6/2026 9:32:33,Taylor Taylor,taylor.taylor8@university.ca,57,Québec,Male,Assistant Professor,CS,1,LinkedIn,6,Negatively,Neutral,Neutral,Strongly agree,Disagree,Weekly
4/7/2026 17:49:44,Jules Thomas,jules.thomas4@university.ca,68,Nova Scotia,Female,Associate Professor,English,2,Facebook,4,Negatively,Disagree,Agree,Agree,Disagree,Weekly
4/20/2026 17:40:57,Jordan King,jordan.king@campus.edu,51,British Columbia,Female,Associate Professor,biology,2,"TikTok, LinkedIn, Facebook, YouTube",4,Negatively,Neutral,Strongly agree,Strongly agree,Strongly disagree,Rarely
4/14/2026 9:53:31,Jules Baker,jules.baker15@campus.edu,73,NS,Female,Associate Professor,Psychology,0,YouTube,6,Negatively,Disagree,Strongly agree,Strongly agree,Disagree,Once in a while
4/4/2026 9:30:16,Mika Parker,mika.parker13@faculty.ca,38,Québec,Male,Associate Professor,history,6,"LinkedIn, Reddit",5,Positively,Neutral,Neutral,Neutral,Strongly agree,Weekly
4/21/2026 13:43:54,Harper Scott,harper.scott@campus.edu,59,British Columbia,Female,Sessional Instructor,Commerce,1,LinkedIn,4,Negatively,Neutral,Strongly agree,Strongly agree,Strongly disagree,Rarely
4/9/2026 12:22:40,Casey Adams,,42,NS,Male,Sessional Instructor,Soc,3,"Instagram,  LinkedIn,  Facebook",6,Somewhat negatively,Strongly agree,Agree,Disagree,Strongly disagree,Rarely
4/17/2026 9:23:21,Dana Mitchell,dana.mitchell@faculty.ca,53,Alberta,Male,Professor,Biology,0,"Instagram,TikTok,Facebook",8,Negatively,Neutral,Agree,Neutral,Disagree,Daily
4/18/2026 18:49:58,Robin Clark,robin.clark10@campus.edu,50,NB,Male,Professor,English,3,"LinkedIn, Facebook",6,Somewhat negatively,Agree,Strongly agree,Neutral,Disagree,Once in a while
4/4/2026 14:38:29,Riley Young,riley.young1@campus.edu,60,BC,Male,Teaching Professor,Nursing,3,LinkedIn,5,Negatively,Neutral,Strongly agree,Agree,Strongly disagree,Once in a while
4/3/2026 11:42:19,Bailey Clark,bailey.clark@university.ca,34,New Brunswick,Male,Professor,Commerce,5,"TikTok, Twitter/X, YouTube",6,Neutral,Strongly agree,Agree,Agree,Agree,Once in a while
4/7/2026 13:27:51,Reese Turner,reese.turner12.@uvic.ca,71,Saskatchewan,Male,Associate Professor,Physics,0,"Instagram, LinkedIn, Facebook, YouTube",6,Negatively,Strongly disagree,Agree,Agree,Strongly disagree,Weekly
4/5/2026 18:36:29,Jules Green,jules.green3@campus.edu,31,Nova Scotia,,Associate Professor,Physics,2,Instagram,4,Negatively,Disagree,Disagree,Agree,Neutral,Weekly
4/13/2026 11:10:22,Taylor Clark,taylor.clark_@campus.edu,53,Saskatchewan,Non-binary,Professor,Psychology,4,,6,Neutral,Strongly agree,Strongly agree,Disagree,Neutral,Once in a while
4/8/2026 17:28:25,Cameron Mitchell,cameron.mitchell@faculty.ca,50,Manitoba,Female,Sessional Instructor,physics,0,"Instagram,  LinkedIn,  Twitter/X,  YouTube",6,Negatively,Neutral,Strongly agree,Neutral,Neutral,Daily
4/9/2026 10:10:03,Reese Lewis,reese.lewis@university.ca,45,Québec,Female,Assistant Professor,Biology,1,Facebook,6,Negatively,Agree,Strongly agree,Agree,Disagree,Once in a while
4/14/2026 10:55:03,Parker Wilson,parker.wilson@university.ca,33,Ontario,Non-binary,Associate Professor,Education,5,"Instagram,TikTok,LinkedIn",5,Neutral,Strongly agree,Neutral,Agree,Neutral,Daily
4/10/2026 8:45:16,Parker Anderson,parker.anderson@university.ca,35,Manitoba,Female,Associate Professor,english,1,"Instagram,Twitter/X",7,Somewhat negatively,Agree,Disagree,Neutral,Neutral,Weekly
4/10/2026 11:50:11,Leslie Taylor,leslie.taylor@uvic.ca,32,QC,Male,Assistant Professor,Psych,3,"Instagram,YouTube",6,Somewhat negatively,Strongly agree,Strongly agree,Disagree,Disagree,Once in a while
4/2/2026 15:53:46,Bailey Wilson,bailey.wilson7@faculty.ca,54,Ontario,,Associate Professor,Biology,2,"Instagram,  Facebook",5,Negatively,Neutral,Strongly agree,Neutral,Neutral,Weekly
4/15/2026 17:23:34,Quinn Young,quinn.young15@university.ca,47,MB,Female,Associate Professor,History,2,Facebook,6,Somewhat negatively,Neutral,Neutral,Neutral,Neutral,Daily
4/16/2026 9:58:21,Sam King,,35,B.C.,Male,Assistant Professor,Computer Science,4,"Instagram, LinkedIn, Facebook",7,Somewhat negatively,Agree,Neutral,Agree,Strongly agree,Once in a while
4/9/2026 11:03:10,Devon Mitchell,devon.mitchell2@university.ca,51,,Female,Professor,Commerce,1,"LinkedIn,  Facebook",5,Mixed,Neutral,Agree,Agree,Disagree,Daily
4/16/2026 9:58:21,Sam King,,35,B.C.,Male,Assistant Professor,Computer Science,4,"Instagram, LinkedIn, Facebook",7,Somewhat negatively,Agree,Neutral,Agree,Strongly agree,Once in a while
4/7/2026 9:13:28,Blair Turner,blair.turner4@faculty.ca,45,Ontario,Female,Associate Professor,nursing,3,"Instagram,  TikTok,  LinkedIn,  Facebook,  Twitter/X,  Snapchat",6,Negatively,Strongly agree,Strongly agree,Disagree,Strongly disagree,Rarely
4/13/2026 13:36:09,Reese Brown,reese.brown@campus.edu,34,ON,Female,Assistant Professor,sociology,3,,7,Somewhat negatively,Agree,Agree,Disagree,Agree,Once in a while
4/7/2026 15:55:22,Blair Green,blair.green@faculty.ca,31,New Brunswick,Male,Professor,business,4,"Instagram,TikTok,LinkedIn",6,Mixed,Neutral,Agree,Neutral,Strongly agree,Daily
4/11/2026 8:38:59,Riley Green,riley.green@university.ca,54,Ontario,Male,Associate Professor,Soc,2,Instagram,4,Somewhat negatively,Agree,Strongly agree,Neutral,Disagree,Once in a while
4/19/2026 12:03:37,Skyler Green,skyler.green@university.ca,42,B.C.,Female,Assistant Professor,Education,1,"LinkedIn, Facebook, Reddit",5,Somewhat negatively,Strongly agree,Strongly agree,Neutral,Disagree,Weekly
4/7/2026 17:12:19,Parker Wilson,,45,Manitoba,Female,Associate Professor,English,1,"Facebook, Twitter/X, Reddit",6,Somewhat negatively,Agree,Neutral,Neutral,Disagree,Once in a while
4/2/2026 14:39:34,Leslie King,leslie.king@uvic.ca,45,British Columbia,Male,Professor,english,2,"Instagram, Facebook, YouTube",6,Somewhat negatively,Agree,Neutral,Agree,Disagree,Weekly
4/5/2026 17:20:56,Leslie Young,leslie.young16@university.ca,55,NB,Male,Professor,physics,2,LinkedIn,5,Negatively,Strongly disagree,Strongly agree,Agree,Strongly disagree,Daily
4/18/2026 14:34:36,Dana Scott,dana.scott5@uvic.ca,37,NS,Female,Teaching Professor,english,4,"Instagram,  TikTok,  LinkedIn",6,Mixed,Strongly agree,Neutral,Neutral,Neutral,Daily
4/19/2026 17:54:00,Devon Turner,,71,NS,Female,Associate Professor,sociology,1,"LinkedIn,Facebook",6,Negatively,Neutral,Agree,Agree,Disagree,Weekly
4/6/2026 15:06:23,Jordan King,jordan.king@campus.edu,51,BC,Female,Associate Professor,biology,2,"TikTok, LinkedIn, Facebook, YouTube",4,Negatively,Neutral,Strongly agree,Strongly agree,Strongly disagree,Rarely
4/12/2026 13:49:38,Casey Wilson,casey.wilson10@university.ca,30,AB,Male,Associate Professor,Bio,5,LinkedIn,6,Neutral,Agree,Strongly agree,Strongly agree,Agree,Weekly
4/9/2026 10:28:28,Cameron Brown,cameron.brown@university.ca,49,Alberta,Female,Lecturer,Bio,0,"Instagram,LinkedIn,Facebook,YouTube",7,Negatively,Neutral,Strongly agree,Agree,Neutral,Once in a while
4/5/2026 14:22:24,Bailey Scott,,59,AB,Female,Associate Professor,nursing,3,"TikTok,Twitter/X",5,Negatively,Disagree,Agree,Neutral,Strongly disagree,Once in a while
4/17/2026 15:22:46,Rowan Baker,rowan.baker@campus.edu,44,ON,Female,Lecturer,education,3,"Instagram,LinkedIn",5,Somewhat negatively,Strongly agree,Agree,Disagree,Disagree,Rarely
4/14/2026 18:08:21,Robin Phillips,robin.phillips@uvic.ca,50,B.C.,Female,Professor,Biology,2,Facebook,6,Negatively,Agree,Strongly agree,Agree,Disagree,Daily
4/4/2026 16:14:43,Kendall Smith,kendall.smith@university.ca,45,Nova Scotia,Male,Associate Professor,business,2,"Instagram,  LinkedIn",3,Somewhat negatively,Disagree,Neutral,Neutral,Neutral,Daily
4/4/2026 11:40:40,Jordan Green,jordan.green0@university.ca,42,Alberta,Male,Associate Professor,English,4,"Instagram,  LinkedIn,  Facebook,  Reddit",5,Neutral,Strongly agree,Agree,Disagree,Neutral,Weekly
4/1/2026 13:51:24,Sam Green,,55,NB,Female,Professor,nursing,0,LinkedIn,4,Negatively,Disagree,Agree,Agree,Disagree,Weekly
4/19/2026 14:14:42,Riley Smith,riley.smith16@campus.edu,43,Nova Scotia,Male,Associate Professor,Education,2,"Facebook,Reddit,YouTube",7,Mixed,Neutral,Agree,Disagree,Strongly disagree,Weekly
4/13/2026 12:31:20,Riley Young,riley.young8@campus.edu,58,BC,Non-binary,Sessional Instructor,Hist.,1,"LinkedIn, Snapchat",6,Negatively,Disagree,Agree,Agree,Disagree,Daily
4/19/2026 16:31:17,Jamie Clark,jamie.clark@university.ca,45,ON,Male,Sessional Instructor,Commerce,1,"Facebook,  Reddit",3,Somewhat negatively,Neutral,Strongly agree,Strongly agree,Neutral,Rarely
4/20/2026 15:48:17,Devon Thomas,devon.thomas@campus.edu,71,MB,Female,Assistant Professor,computer science,1,"Instagram,  Facebook,  Reddit",4,Negatively,Disagree,Agree,Strongly agree,Strongly disagree,Rarely
4/1/2026 18:35:56,Drew Walker,drew.walker14@university.ca,36,AB,Male,Assistant Professor,physics,3,"TikTok, Facebook, Twitter/X",4,Negatively,Neutral,Neutral,Neutral,Neutral,Weekly
4/1/2026 17:46:01,Riley Lewis,riley.lewis0@university.ca,74,Manitoba,Female,Associate Professor,Business,1,TikTok,4,Negatively,Neutral,Agree,Strongly agree,Disagree,Weekly
4/18/2026 15:30:53,Cameron Campbell,cameron.campbell@university.ca,64,British Columbia,Male,Associate Professor,History,1,"Instagram,  TikTok,  Facebook",4,Negatively,Disagree,Neutral,Strongly agree,Strongly disagree,Weekly
4/9/2026 12:58:53,Dana Phillips,dana.phillips8@faculty.ca,50,MB,Male,Associate Professor,Commerce,1,"LinkedIn,  Facebook,  Twitter/X",7,Somewhat negatively,Neutral,Strongly agree,Agree,Disagree,Daily
4/7/2026 16:20:00,Kendall Scott,kendall.scott@uvic.ca,42,British Columbia,Female,Associate Professor,Education,0,Instagram,6,Mixed,Agree,Agree,Disagree,Strongly disagree,Once in a while
4/21/2026 8:23:06,Jules Phillips,jules.phillips@campus.edu,65,MB,Male,Sessional Instructor,English,0,"Instagram,  Facebook,  Twitter/X",5,Negatively,Disagree,Strongly agree,Agree,Disagree,Weekly
4/17/2026 15:28:15,Blair Campbell,blair.campbell6@uvic.ca,33,NB,Male,Sessional Instructor,english,3,"Instagram, TikTok, Facebook",8,Somewhat negatively,Strongly agree,Disagree,Neutral,Neutral,Once in a while
4/19/2026 18:13:58,Jules Walker,jules.walker6@university.ca,34,Nova Scotia,Male,Associate Professor,Comp Sci,4,"TikTok, LinkedIn, Facebook, Snapchat",6,Mixed,Agree,Disagree,Neutral,Neutral,Daily
4/10/2026 14:20:59,Kendall Walker,kendall.walker15@uvic.ca,30,Quebec,Non-binary,Assistant Professor,Nursing,4,"TikTok,  LinkedIn,  Facebook,  Twitter/X,  YouTube",4,Mixed,Neutral,Neutral,Neutral,Agree,Weekly
4/18/2026 18:55:09,Shawn Adams,shawn.adams@campus.edu,53,SK,Prefer not to say,Assistant Professor,Physics,2,Facebook,3,Negatively,Agree,Agree,Strongly agree,Strongly disagree,Once in a while
4/18/2026 15:06:41,Kendall Carter,kendall.carter@campus.edu,73,NS,Male,Lecturer,Sociology,2,"Facebook,  YouTube",6,Negatively,Agree,Strongly agree,Strongly agree,Disagree,Daily
4/7/2026 12:50:29,Quinn Smith,quinn.smith15@university.ca,32,Manitoba,Female,Sessional Instructor,history,2,"LinkedIn, Facebook",6,Neutral,Agree,Neutral,Neutral,Neutral,Once in a while
4/18/2026 15:30:53,Cameron Campbell,cameron.campbell@university.ca,64,British Columbia,Male,Associate Professor,History,1,"Instagram,  TikTok,  Facebook",4,Negatively,Disagree,Neutral,Strongly agree,Strongly disagree,Weekly
4/4/2026 14:18:26,Shawn Mitchell,shawn.mitchell@university.ca,37,Ontario,,Associate Professor,Business,1,"Instagram, LinkedIn, Twitter/X, YouTube",4,Mixed,Neutral,Disagree,Strongly agree,Neutral,Rarely
4/11/2026 14:23:43,Jamie Scott,jamie.scott8@faculty.ca,48,SK,Female,Assistant Professor,History,4,"Instagram,Facebook,YouTube",6,Positively,Strongly agree,Strongly agree,Neutral,Disagree,Weekly
4/18/2026 15:23:25,Brooke Parker,brooke.parker9@uvic.ca,74,MB,Female,Associate Professor,Sociology,0,LinkedIn,5,Negatively,Disagree,Strongly agree,Agree,Strongly disagree,Daily
4/13/2026 10:44:41,Alex Nelson,alex.nelson@campus.edu,50,BC,Female,Associate Professor,biology,5,Facebook,8,Somewhat negatively,Agree,Strongly agree,Agree,Disagree,Weekly